row_y,left_x,right_x,center_x,fitted_center_x,width,center_residual
198,316.0,321.0,318.5,316.3777770996094,6.0,2.122222900390625
199,316.0,329.0,322.5,327.31109619140625,14.0,-4.81109619140625
200,316.0,339.0,327.5,338.24444580078125,24.0,-10.74444580078125
201,322.0,347.0,334.5,349.1777648925781,26.0,-14.677764892578125
202,329.0,437.0,383.0,360.1111145019531,109.0,22.888885498046875
203,337.0,437.0,387.0,371.04443359375,101.0,15.95556640625
204,345.0,437.0,391.0,381.977783203125,93.0,9.022216796875
205,355.0,425.0,390.0,392.9111022949219,71.0,-2.911102294921875
206,367.0,407.0,387.0,403.8444519042969,41.0,-16.844451904296875
